gene,spearman_rho,p_value,q_value
Gnmt,0.4101873905766812,1.9162005545587914e-181,3.788328496362731e-178
Hspa5,-0.3541664785769137,1.4827440678890047e-132,1.465692511108281e-129
Ces3a,-0.3481330953781422,7.574401673644564e-128,4.991530702931768e-125
Slco1b2,-0.3355093061383521,2.5120753351548495e-118,1.2415932344002843e-115
Neat1,-0.3352928960319736,3.6257618544642602e-118,1.4336262372551686e-115
Cp,-0.3292068586871161,9.746101027179067e-114,3.2113402884555026e-111
Malat1,-0.3247349408575263,1.51181977983156e-110,4.269811006752849e-108
Pzp,-0.3147899634014462,1.2119992024106758e-103,2.9951530289573824e-101
Rps2,0.3073169086040838,1.258919327498543e-98,2.765426122738466e-96
Wfdc21,0.3041488546583061,1.523476271281144e-96,3.011912588322822e-94
Mug1,-0.3031242699344256,7.094290585645985e-96,1.2750374988929192e-93
H2-K1,-0.30006336230582586,6.771712113394127e-94,1.1156395706816824e-91
Fgg,-0.297917739235125,1.6002899538510206e-92,2.4336717221257445e-90
Slc38a3,-0.29724035997515247,4.3189716389722836e-92,6.099004950177289e-90
Slc22a30,-0.2957142432117534,4.004498407208429e-91,5.2779289007007095e-89
G6pc,-0.28859819753932986,1.0829590517066465e-86,1.3381312782650252e-84
Ahsg,-0.28422974345372215,4.926340453590178e-84,5.729044162792813e-82
Cyp3a25,-0.2837316649415421,9.830053020142985e-84,1.0796674900457047e-81
Hsp90b1,-0.2835263805853783,1.306277597967504e-83,1.35921621641145e-81
Cyp2d13,-0.2832968883698386,1.7945375193410073e-83,1.7739003378685858e-81
Hsd3b7,-0.27813414386076246,2.0998352616784993e-80,1.9768449106373303e-78
Btg2,-0.2689729111354876,4.0358078300629397e-75,3.626723672742924e-73
Clu,-0.2678980751704832,1.6310959090402385e-74,1.40203330964024e-72
Apob,-0.26781486926902137,1.816844310904275e-74,1.4966255011073965e-72
Fgb,-0.2677580621082968,1.95562674232937e-74,1.5465096278340655e-72
Fga,-0.265582082109967,3.235671360092452e-73,2.4603547226549143e-71
Slc38a2,-0.26549938384727856,3.5979534433262243e-73,2.634501465724424e-71
Pisd-ps1,-0.26359491262064866,4.1015776279937326e-72,2.8960067751941463e-70
Cyp2d9,-0.26241290576456605,1.8388148906411898e-71,1.2535644961371145e-69
Rsrp1,-0.2613217716313943,7.295660936023794e-71,4.80784055683968e-69
Mlxipl,-0.2607789824287435,1.4445917681522312e-70,9.212767502054713e-69
Kng1,-0.2576008591176179,7.63440910954573e-69,4.7166333779912215e-67
Itih3,-0.25451794116094567,3.3984770797528946e-67,2.0359967232337798e-65
Itih4,-0.2540368413402407,6.11663226579485e-67,3.556641761610712e-65
Pdia6,-0.2535794682956912,1.0681855034081757e-66,6.03372211496561e-65
Jun,-0.2518241139124675,8.981708783006088e-66,4.9324550733341773e-64
Cyp2d26,-0.25049204930969954,4.469385271398587e-65,2.3881012652851368e-63
Slc27a2,-0.24703910842835244,2.737409952651809e-63,1.424173546419112e-61
Serpinf2,-0.24697969491413257,2.9366063828234236e-63,1.488633543292797e-61
Zfp36l1,-0.24677317463867726,3.7481726658505486e-63,1.8525343400966337e-61
Gstp2,0.24649748613684416,5.189569918605707e-63,2.5023852997764592e-61
Cyp2d37-ps,-0.24444340979997828,5.7866904694270265e-62,2.7238778709660075e-60
Zfp36,-0.2444072874086253,6.036148245881189e-62,2.775224437699328e-60
Fn1,-0.2443210038432022,6.676219926830859e-62,2.9997469989419567e-60
Slc27a5,-0.24362692454334578,1.4996864089039672e-61,6.588622289784763e-60
Mug2,-0.24354567852534934,1.6484238628490504e-61,7.084639080114288e-60
Apoa5,-0.24299660567931283,3.1204265296628637e-61,1.312570904073081e-59
Cyp2d10,-0.24088139965747615,3.5919942418160234e-60,1.4794526283479747e-58
Serpina7,-0.2403562199224323,6.564396080060162e-60,2.6485328674038655e-58
Igfbp1,-0.24023685445126877,7.527010820901411e-60,2.976180078584418e-58
Pabpn1,-0.24000878112097795,9.774184032422155e-60,3.788933692568353e-58
Col18a1,-0.23994740554540694,1.0485570349216574e-59,3.986533188538686e-58
Cyp2a5,-0.2392131695408384,2.4262052211599916e-59,9.050203249496797e-58
F12,-0.23858773789308496,4.946437061769976e-59,1.8109455687257858e-57
Gdf15,-0.2381437878750871,8.191094706309849e-59,2.94432622443174e-57
B430010I23Rik,-0.23743391139861642,1.8308777203074962e-58,6.463652237585572e-57
Fsd1l,-0.2372839883966429,2.1691293355273136e-58,7.523453853223682e-57
Plg,-0.23623362298871703,7.090279170904666e-58,2.4168072277376763e-56
Junb,-0.23595982910998972,9.64556008082296e-58,3.232080047421524e-56
Vtn,-0.23354617450667975,1.429616030376565e-56,4.710584820090782e-55
Slc1a2,-0.23277016186064323,3.379398798062302e-56,1.0952576104539625e-54
Ugt2b34,-0.23219163303124637,6.404474372012429e-56,2.042200940882028e-54
Dusp1,-0.23182850831299667,9.557885505002417e-56,2.999355498950758e-54
Psap,-0.23077461026590257,3.043032453032133e-55,9.367043331879844e-54
Ctsl,-0.23076368059496444,3.079705698392463e-55,9.367043331879844e-54
Srebf1,-0.22571368733686903,7.299939705784336e-53,2.1866637573235805e-51
Gstp1,0.22560628154939813,8.188420256998656e-53,2.4161950519531856e-51
Efna1,-0.2254873286289472,9.298506430897953e-53,2.703404002041949e-51
Gulo,-0.22433821080846403,3.1632996899495247e-52,9.063541285551029e-51
C3,-0.22432105564897045,3.2214833675058986e-52,9.098389453655945e-51
Cd36,-0.22412209730220434,3.979318127440608e-52,1.1080439349225468e-50
Rnr2,-0.223384245564854,8.69562837417656e-52,2.387674624409314e-50
Ugt2b5,-0.22328349877095272,9.672979046019514e-52,2.619654736161723e-50
Fabp2,0.22257640546932597,2.0398037450225458e-51,5.44958378906699e-50
Cfb,-0.2214616219756639,6.578944257614844e-51,1.734209706307273e-49
Apon,-0.2206264004805541,1.575274134149774e-50,4.097785477913294e-49
Cyp3a11,-0.22052003615312446,1.7600875397563438e-50,4.519081904023755e-49
Agt,-0.21941713782705252,5.541149922040932e-50,1.4044683840865284e-48
Lamp2,-0.21939202930889717,5.687312271401832e-50,1.4232678937419523e-48
Aplp2,-0.21911702351898668,7.56238088218422e-50,1.8688533755097756e-48
C4bp,-0.21899907060649734,8.544466296387439e-50,2.085482699747897e-48
Cyp4a14,-0.2183277782693513,1.7095227075003381e-49,4.1216175521075227e-48
Cyp1a2,-0.21777901958921753,3.0084176275010963e-49,7.16583331273454e-48
Rn45s,-0.21745541387622602,4.1953993297499334e-49,9.874171993947165e-48
P4hb,-0.21681696619475901,8.073199576665727e-49,1.8777312427138992e-47
Crp,-0.21667693186485723,9.316976107196354e-49,2.1418211353403712e-47
F2,-0.21663972035390755,9.678407213110805e-49,2.1993346046344896e-47
Ces2e,-0.2160026546439317,1.8548184303594284e-48,4.167018223659761e-47
Car3,0.2149157477814138,5.599955302569339e-48,1.2439451273235485e-46
Cd1d1,-0.2146655826530329,7.215441520829539e-48,1.5849919874088887e-46
Onecut2,-0.21434260043839873,1.0004060613972734e-47,2.173409652068582e-46
Acaa1b,0.21428095607369452,1.0647202263922623e-47,2.2879911821494594e-46
Calr,-0.21395423413708364,1.480849751682167e-47,3.147999955995316e-46
Alb,-0.21380057876246839,1.729061681105322e-47,3.6365478122821506e-46
Pnisr,-0.21366209393963217,1.9880185447477732e-47,4.137171224175103e-46
Aadac,-0.21335231024679885,2.7154853850495074e-47,5.592202714836329e-46
Gclc,-0.21281170643726893,4.673802666797547e-47,9.525884404390463e-46
Snrnp70,-0.21196347978470917,1.0923871966892553e-46,2.2037239671986302e-45
Cyp2d22,-0.21190140864471388,1.1622375576475902e-46,2.320953183302309e-45
Ambp,-0.2118710281345049,1.1980277086486912e-46,2.3685007799984623e-45
F5,-0.21182270851034138,1.2572232154512075e-46,2.4609210860861754e-45
C4b,-0.2116884557547298,1.4374108464155354e-46,2.7860404346701114e-45
BC005561,-0.2116262884568508,1.5293362613101908e-46,2.9354347462235414e-45
Ces1c,-0.21137404651145203,1.966303391595663e-46,3.737867120369833e-45
Slc2a2,-0.21099981058537906,2.8531601837595383e-46,5.372093031707245e-45
Gjb1,-0.20987655910915481,8.684098580511372e-46,1.6196663107236775e-44
Tfr2,-0.20932578796745555,1.4953137849371608e-45,2.762836778337165e-44
Hc,-0.2090994165268358,1.8686968798009662e-45,3.420753454968991e-44
Zdhhc20,-0.207765148765515,6.915616393944122e-45,1.2543278542043603e-43
Sdc4,-0.20766476488311464,7.628294847232984e-45,1.3710126284526918e-43
Rrbp1,-0.2062371616163753,3.0606034692292447e-44,5.451182935735331e-43
Abcb11,-0.20610254874600342,3.48714332975013e-44,6.1554306811750054e-43
1810019D21Rik,-0.20572749017574765,5.013409243277791e-44,8.771247853062117e-43
Cfi,-0.20474482942833364,1.2934406696653804e-43,2.2430984244986466e-42
Lipa,-0.20451022740962713,1.6206969456627697e-43,2.7861894448480832e-42
Apoh,-0.2039391207658317,2.8032071053803235e-43,4.7775348683938785e-42
Pdia4,-0.20392351869820025,2.8454160957997803e-43,4.808023608030911e-42
Clec2d,-0.2038600202624811,3.0238217228200072e-43,5.0661826661145374e-42
Hyal1,-0.2036839186102046,3.578940068624761e-43,5.945852534177439e-42
Cyp2e1,-0.2030586879998822,6.502605941818855e-43,1.0713043289146563e-41
Serinc1,-0.20298007932791795,7.008612322726792e-43,1.1451261621513114e-41
Slc38a4,-0.20280898083152615,8.24937984663744e-43,1.3368052423608378e-41
Gadd45g,-0.20273240890483785,8.8732132625805e-43,1.426206717083061e-41
Rpn1,-0.20229930976240132,1.3393967603404492e-42,2.1354737058008613e-41
Dusp6,-0.20202377452104073,1.7396621012912365e-42,2.75144957940222e-41
Scd1,-0.20182919509106692,2.091973903425091e-42,3.282406672278893e-41
Klkb1,-0.20168828032225478,2.3905994011255673e-42,3.721429146476572e-41
C1s1,-0.20097144673502537,4.7057450155209904e-42,7.268170231003905e-41
Cd81,-0.20074049096564575,5.8499429502634e-42,8.965377684240884e-41
Lrg1,-0.19999809956244297,1.1754392735947682e-41,1.7875718799206592e-40
Acsl1,-0.19963439714789216,1.6528223863546216e-41,2.494373937269532e-40
Slco1a1,-0.19913968090580356,2.624888446981697e-41,3.931367014911224e-40
Itih1,-0.19884415878848302,3.4582456803398576e-41,5.140565195512706e-40
Qsox1,-0.19749910086194591,1.2063267495236035e-40,1.779782077468779e-39
Cyp4a12a,-0.19706386461499983,1.8038456181793744e-40,2.6416316941782392e-39
Serpina12,0.19617181418123783,4.102445512414999e-40,5.96362851326798e-39
Ptprf,-0.19595352336966113,5.013041438589646e-40,7.234148119774985e-39
Apof,-0.19514683534524468,1.0493618591794013e-39,1.5033249243461423e-38
Tnrc6a,-0.19435389191776997,2.1622498939672254e-39,3.0593161335149524e-38
Kcnq1ot1,-0.19435176631318646,2.1664352994036083e-39,3.0593161335149524e-38
Mttp,-0.194192547580316,2.5039527026728546e-39,3.5108613426838535e-38
Slc37a4,-0.19411946249226827,2.6759085667146047e-39,3.725543124221671e-38
Hpx,-0.1939089957390348,3.239465593173958e-39,4.478617816576864e-38
Xiap,-0.1936858281825787,3.966243818391137e-39,5.445322242332832e-38
Stx16,-0.19325183599766327,5.8751713733963184e-39,8.010492279451394e-38
Aqp9,-0.1928126269164569,8.73569588522973e-39,1.1829089565136423e-37
Abca1,-0.19264710241618666,1.0141800600589646e-38,1.3639686930180768e-37
Krr1,-0.19215509542330406,1.5791721161552418e-38,2.1094751848911575e-37
Cyp4v3,-0.1918195423259192,2.1344657771376728e-38,2.832106604967234e-37
Cth,0.1914269119740316,3.034582299506655e-38,3.999579470749771e-37
Rplp0,0.19107764617442055,4.1471653532018985e-38,5.429765498861028e-37
Ugt3a2,-0.19098871611216087,4.4900282751523347e-38,5.83999072366853e-37
Ugt2b1,-0.19076160613733822,5.498851495137918e-38,7.105378696658604e-37
Cfh,-0.19074364790055312,5.587627713172885e-38,7.173207785027788e-37
Herpud1,-0.1905869284753852,6.425360356992673e-38,8.195443500499686e-37
Lrp1,-0.18946850263389575,1.7351186863624521e-37,2.1989292582939538e-36
Magt1,-0.18934627301503926,1.9333727344253957e-37,2.4345719082541448e-36
Cldn3,-0.1882608568981804,5.036733747149156e-37,6.302292796274609e-36
Serpind1,-0.18776164523141703,7.808183250448492e-37,9.7086655887652e-36
Ccdc78,-0.18764340333634258,8.661024978277272e-37,1.0701778988783855e-35
Ppap2b,-0.18719112352280942,1.2867444022380675e-36,1.5800581883382977e-35
Rbm47,-0.18563026732419993,5.005371885640582e-36,6.108407541920636e-35
Ptprd,-0.18556300634169465,5.3056774636140074e-36,6.43516831016251e-35
Syvn1,-0.18531320671444407,6.586184267388838e-36,7.939564815016911e-35
Raph1,-0.18476153056840153,1.0605227737383091e-35,1.2706991052609922e-34
Elovl5,-0.18464471344479544,1.172854913543753e-35,1.396827809684337e-34
Ppm1k,-0.1844765459018275,1.355618603514766e-35,1.604825137214786e-34
Cyp27a1,-0.18436675683212356,1.4899270072094023e-35,1.7533248174124928e-34
Hes1,-0.18375074235858743,2.52863802918462e-35,2.958057623489937e-34
Por,-0.18298640961658277,4.861709171193391e-35,5.65388178320549e-34
Adipor2,-0.18278447166795647,5.775474046614106e-35,6.6772585907345545e-34
Slc22a1,-0.18240689823182962,7.965415072270268e-35,9.155596277836233e-34
Grn,-0.18224974683561232,9.103967664618792e-35,1.040378270112795e-33
Cyr61,-0.181688455498188,1.465668169333881e-34,1.6653022820534957e-33
Pnn,-0.18155654012412265,1.638858712714515e-34,1.851442100020912e-33
Cyp2c29,-0.18138921319369514,1.8880560436594217e-34,2.1208447717697026e-33
1300017J02Rik,-0.18061511734610694,3.627671494155104e-34,4.0519246010986673e-33
Cyp4a10,-0.1800551315780789,5.807622413949605e-34,6.450376130549645e-33
Cyp2c37,-0.17981465664510587,7.104867921549288e-34,7.8471083133536e-33
Serping1,-0.1796628617758599,8.067918550190818e-34,8.861263874292915e-33
Eif4g1,-0.1793026007054135,1.0904014958326358e-33,1.1910076006967521e-32
Tgoln1,-0.1792601595685541,1.1297445985991887e-33,1.2272005886981298e-32
Serpinc1,-0.17834374434012149,2.4234710569536265e-33,2.618143322184328e-32
Ugt2b35,-0.1774199224649834,5.209133102383021e-33,5.596987034462626e-32
Hsd17b11,-0.17739047141975783,5.337403871868498e-33,5.703809434964336e-32
Gm10319,-0.1770291189836598,7.191235586927547e-33,7.64358750287944e-32
Tecpr2,-0.1768715537596015,8.187902176991402e-33,8.65640780957861e-32
Cyp2c38,-0.17640346851912053,1.2031495387905569e-32,1.265226935206878e-31
Ces1f,-0.1762336791553138,1.3830380301039733e-32,1.4467016854579658e-31
Sema4g,-0.1759762958524168,1.707855947569994e-32,1.7770690570241464e-31
Arrdc3,-0.1758053650958715,1.9643431883546708e-32,2.0332494677367457e-31
Chka,-0.17560444990462748,2.315067962311993e-32,2.3837965424431303e-31
Lpin2,-0.17552420482097292,2.471925627265173e-32,2.532122779846242e-31
Gm6484,-0.17508220959614942,3.544984862762454e-32,3.612595398804831e-31
Dhcr24,-0.1749456280606721,3.9620074746805097e-32,4.016866039714547e-31
Cldn2,-0.17487128941651486,4.2090870253352717e-32,4.2455944127999145e-31
H6pd,-0.17458533498927306,5.310558151468084e-32,5.329428155051981e-31
Celf1,-0.17457146332359,5.370725576985988e-32,5.362588113990554e-31
Cd164,-0.17418077635518014,7.373404671444824e-32,7.325236701229356e-31
Cyp2c50,-0.1737852028539497,1.0155359423769624e-31,1.0038572790396273e-30
Cltc,-0.17362717148511622,1.1538357224825323e-31,1.1348921509193862e-30
Mat2a,-0.17319056035254105,1.6408300257998465e-31,1.605901465844701e-30
Trf,-0.17304975237161196,1.8377840232937416e-31,1.7898024699762203e-30
Irf2bp2,-0.17301411150912605,1.8912501761135696e-31,1.832843920674768e-30
Egr1,-0.1729196844225114,2.040483259798404e-31,1.967822148595827e-30
Ahr,-0.17258458693607825,2.6707472674154565e-31,2.563139489165222e-30
Cyp7a1,-0.17224742119331898,3.499568315772554e-31,3.342341333469729e-30
Cyp2c54,-0.17204625067349988,4.110891578958475e-31,3.9073233901927434e-30
Son,-0.1711650909642959,8.302264795964394e-31,7.853386364412252e-30
Rbm26,-0.17107800418456498,8.897686067775257e-31,8.376535883805563e-30
Abcc2,-0.17018151277614718,1.8113503744216045e-30,1.697175208640527e-29
Klf10,-0.16992924258287645,2.2109114915578705e-30,2.0617792541556178e-29
Cyp4f15,-0.1696798760353082,2.6916091913892472e-30,2.4982682494725548e-29
Elovl2,-0.16960009248310262,2.8662933130594328e-30,2.6479728410834106e-29
Rnase4,-0.16957179563893032,2.9309132448399856e-30,2.6950769697900705e-29
Tmprss6,-0.16956469985150785,2.9473428962955133e-30,2.697637456470477e-29
Mug-ps1,-0.16947574932299606,3.161218804476969e-30,2.8800597126502153e-29
Vmp1,-0.16887478674013223,5.069511341772923e-30,4.5974421663692975e-29
Cyp4a12b,-0.16857452899313996,6.414468765368711e-30,5.790595775860248e-29
Mettl7b,-0.1685426386507755,6.576633253430739e-30,5.910001791832987e-29
Slc7a2,-0.16839992611384222,7.35361045556331e-30,6.578320303460934e-29
Rdh9,-0.16828533686945638,8.042844188951036e-30,7.162478811511801e-29
Lpcat3,-0.16822125399452026,8.45584657328335e-30,7.496506132457929e-29
Atp2a2,-0.1680602163077589,9.58891349630899e-30,8.463072313483425e-29
Ddx17,-0.16804472618788538,9.705538803310591e-30,8.527933428508907e-29
Tpp1,-0.16739005077446992,1.616051582474632e-29,1.4136876011293573e-28
Nfib,-0.1669899964638814,2.204575528249223e-29,1.9200201847351163e-28
Uvssa,-0.16682524052551934,2.5047891091167658e-29,2.1719158196157218e-28
Cyp2c67,-0.16652585567100273,3.1577576297137017e-29,2.7261514558707376e-28
Atp11c,-0.1665153250324639,3.183568246490468e-29,2.7364845318746325e-28
Tm9sf2,-0.16596787143253947,4.857199491371165e-29,4.157005798459218e-28
Entpd5,-0.16565399253620477,6.184357193602385e-29,5.270031970582722e-28
Ddx3x,-0.16559937116910636,6.449554299581668e-29,5.472432982949767e-28
Cps1,-0.16554761456512276,6.711238554666146e-29,5.670136163493577e-28
Fos,-0.1653854481372957,7.601282124573748e-29,6.394780749056299e-28
Slc25a25,-0.16517795091761608,8.912691649334282e-29,7.466267538446557e-28
Mia3,-0.16470719682253265,1.2778887344296995e-28,1.0659856658090785e-27
C6,-0.16373069132536117,2.6891453316638544e-28,2.2337984540753953e-27
Cpt1a,-0.16364012729640764,2.880582466045228e-28,2.3828081737955718e-27
Ctsd,-0.16326490400181726,3.8285811468697e-28,3.1537937197339152e-27
Gm10768,-0.16290892055380923,5.011728907426751e-28,4.1112813485405335e-27
Ctsb,-0.16273980367677315,5.694478223231552e-28,4.652059275755694e-27
Sel1l,-0.16242268533286153,7.232693974450225e-28,5.884376949583578e-27
Slc6a6,-0.16228764178374952,8.006795206809912e-28,6.487473001583278e-27
Slc16a10,-0.1620301443439305,9.71747849461591e-28,7.841410197492105e-27
H2-D1,-0.16189484392677803,1.0756851674071772e-27,8.644835674650363e-27
Acsl5,-0.16162371262274855,1.3182757959166803e-27,1.0551543516304765e-26
Hnrnph1,-0.16158913838494257,1.352875421341174e-27,1.0784817370933471e-26
Canx,-0.16118437084090248,1.831454028040946e-27,1.454130366842149e-26
Mbnl1,-0.16114849954934468,1.8812074673403783e-27,1.487658865172771e-26
Cyp8b1,-0.16098581371417123,2.124205446739943e-27,1.6731291506792302e-26
Kif1b,-0.16081574919279043,2.41151644872942e-27,1.891892071086533e-26
Sppl2a,-0.16033381042401398,3.452153993489553e-27,2.697592270801915e-26
Slc22a28,-0.15972073993075098,5.439787449379069e-27,4.2340392863867795e-26
Cxadr,-0.1596959876412619,5.540373766266096e-27,4.2954191905521845e-26
Abcg8,-0.15961263380242402,5.892851299717295e-27,4.550846492008239e-26
2900005J15Rik,-0.15940099424544146,6.890844926240438e-27,5.30085619423243e-26
Pim3,-0.1592486907925895,7.711020019648056e-27,5.908793247614035e-26
Abcg5,-0.1590537834208497,8.90312654212977e-27,6.795938677139211e-26
Tbx3,-0.15895064780254478,9.606072646830017e-27,7.304309854916517e-26
Faah,-0.15861232187111243,1.2321239156389322e-26,9.332984602368463e-26
Slc16a2,-0.15834467029918717,1.4997221638633848e-26,1.1316605793732487e-25
Serpina1c,0.1575860158081595,2.613016718371269e-26,1.9642334799315583e-25
Abcb4,-0.15738290044517309,3.0303819324373627e-26,2.269342833495707e-25
Ece1,-0.15659127878874043,5.388857429882551e-26,4.020290995802944e-25
Rpn2,-0.15644147150973803,6.007036679463074e-26,4.464628389209961e-25
Ddx3y,-0.15553079168561046,1.1597527125996223e-25,8.587382444979227e-25
Ces1d,-0.15504301615353402,1.6469711721546927e-25,1.2149485102051595e-24
Tmem56,-0.15416778077626672,3.0815128809721696e-25,2.2647401359412563e-24
Inhbe,-0.15414319790045916,3.136049861911282e-25,2.2962853988883722e-24
Cyp2c70,-0.1536214742389171,4.547634298450052e-25,3.3175915158803516e-24
Mafb,-0.1535522009977629,4.777203979635967e-25,3.472254510198642e-24
Lect2,-0.15313935071427603,6.403774902804491e-25,4.637458968074901e-24
Ldlr,-0.15312043071291287,6.490224888691735e-25,4.6829104397604236e-24
Cyp2a4,-0.15307469264184423,6.704017389601631e-25,4.819579046997246e-24
Pon1,-0.1529762294710752,7.188220517328958e-25,5.1489536096954164e-24
Pcsk6,-0.1527908476559559,8.195745828731605e-25,5.849454694369091e-24
Ppp1r3b,-0.1526591111867483,8.995542224285587e-25,6.397189560220362e-24
Prkd3,-0.15223965646212595,1.209336944592078e-24,8.569387596625586e-24
Ganab,-0.15193407647004054,1.4995026027153823e-24,1.0587559448458253e-23
Sc5d,-0.15169928977970273,1.7683903834783266e-24,1.2441664726464953e-23
Snord104,-0.15144814467347295,2.108986107078665e-24,1.4785338771966385e-23
Gpx4,0.15125899561300554,2.4076870920943773e-24,1.6819778731698177e-23
Kng2,-0.15120711903267275,2.4966891133481204e-24,1.738012104608885e-23
Ttc14,-0.1510900308136787,2.7097247560065477e-24,1.8796932781140156e-23
C4a,-0.1510732873095652,2.741624753382875e-24,1.895172076027253e-23
Qk,-0.1508441254021987,3.2174855463784e-24,2.2163654791603126e-23
Tmed9,-0.1507306017127249,3.482651703811651e-24,2.3906952841790396e-23
B4galt6,-0.15053812624191434,3.982558065705573e-24,2.724400448408276e-23
Srrm2,-0.15053006963091442,4.004965282943983e-24,2.730281504958708e-23
Ncor1,-0.1505020839399362,4.083773995004252e-24,2.7744402708327855e-23
Cdh2,-0.1504104834482239,4.3526185862657555e-24,2.946961282550479e-23
Hp,-0.15035032199572002,4.538650463978479e-24,3.062427292588892e-23
Slc8a1,-0.15005837277350315,5.559363448657991e-24,3.73838827823022e-23
